Time elapsed,No. of active streams,No. of to-be-liked streams,Time Started,Time Ended,Streams liked,Check streamers time
64.64893054962158,2,2,10:05:07,10:06:12,"Fz70YuIEgvM,MhcIdutP0L8",31.46191668510437
61.001643657684326,1,1,12:28:55,12:29:56,kXToGY7Bcw8,46.51757454872131
57.3990216255188,2,1,12:40:08,12:41:05,"kXToGY7Bcw8,VEHBtFdeIJA",41.21098017692566
46.058650732040405,2,0,12:45:03,12:45:49,"kXToGY7Bcw8,VEHBtFdeIJA",31.000346422195435
