Time elapsed,No. of active streams,No. of to-be-liked streams,Time Started,Time Ended,Streams liked,Check streamers time
29.114805698394775,2,2,09:08:57,09:09:27,"AiY69w4qCSU,9jq6uE_PWMY",4.014516592025757
19.988203525543213,2,2,11:17:37,11:17:57,"4PIJrSu5a2Q,6WHMVVzW4Yw",2.42877197265625
17.353237867355347,2,0,11:36:41,11:36:58,"6WHMVVzW4Yw,4PIJrSu5a2Q",2.7666754722595215
18.68055820465088,2,2,16:14:38,16:14:57,"KnCvigSl20E,m1PaR-od4Dw",2.1641476154327393
24.133949756622314,3,1,17:13:08,17:13:32,"RXa8_RhCr-A,m1PaR-od4Dw,KnCvigSl20E",2.0112767219543457
32.86424446105957,5,4,18:10:59,18:11:32,"VSLp--YmgPQ,hNioNy00lJg,tzFkrWDYAqU,RXa8_RhCr-A,m1PaR-od4Dw",2.5327234268188477
