Time elapsed,No. of active streams,No. of to-be-liked streams,Time Started,Time Ended,Streams liked
177.69828295707703,6,6,13:06:35,13:09:32,"nj6qwgpQ6B4, YyH_tu3ol_c, kYChcl_6rvs, 2RLmJw5Wb5k, LCe3SCX7t28, LBJXFcl5eP0"
93.52503561973572,6,1,14:04:55,14:06:28,TR4ItxNxJuE
57.43847918510437,6,0,14:07:49,14:08:47,
59.32449150085449,6,0,14:43:17,14:44:16,
52.24577713012695,5,0,15:04:59,15:05:51,
