Time elapsed,No. of active streams,No. of to-be-liked streams,Time Started,Time Ended,Streams liked
121.89311146736145,4,4,13:47:50,13:49:52,"hTYdqAzbuUk, man_R2QUx-4, HxV9UAMN12o, 9x6fg4Pqp-g"
51.18133330345154,3,0,14:40:12,14:41:04,
50.75939989089966,2,0,15:25:16,15:26:07,
37.73864698410034,1,0,15:33:51,15:34:29,
