Time elapsed,No. of active streams,No. of to-be-liked streams,Time Started,Time Ended,Streams liked
114.03506016731262,2,2,08:52:19,08:54:13,"z6k6wDktBvo, IC_zuFwz0q8"
142.43452787399292,4,2,09:21:15,09:23:38,"HmjJwlgfrCY, hkCqEM7thM4"
140.253972530365,4,2,10:38:43,10:41:03,"cdV30fgsP4Q, tyBJCan4m5g"
136.63838386535645,4,1,11:07:06,11:09:23,3nq6w4JVaZY
