Time elapsed,No. of active streams,No. of to-be-liked streams,Time Started,Time Ended,Streams liked,Check streamers time
47.121939182281494,2,1,14:40:40,14:41:27,hD6LwW7Zkf8,29.010756254196167
49.09165692329407,2,0,14:43:20,14:44:09,,31.947307348251343
53.9491012096405,2,0,14:45:36,14:46:30,,31.336992025375366
47.85438942909241,2,0,14:57:24,14:58:12,,29.405450582504272
52.81691861152649,3,1,15:02:34,15:03:27,HoYYVCcb4l8,30.522258758544922
45.79929041862488,1,1,18:10:44,18:11:30,NJKAg5V-uJg,30.925447940826416
43.22746300697327,1,0,18:31:14,18:31:57,,30.514697313308716
