Time elapsed,No. of active streams,No. of to-be-liked streams,Time Started,Time Ended,Streams liked,Check streamers time
40.73151993751526,0,,07:57:01,07:57:42,,30.984741926193237
53.47260141372681,1,1,08:05:35,08:06:28,uoAoXeHGwiM,31.008974313735962
58.7719247341156,2,1,09:49:03,09:50:02,"uoAoXeHGwiM,zGDzuvH9tYc",28.606979370117188
54.638267040252686,4,2,11:12:13,11:13:07,"pVusrFNq35Y,8kguHuaQIHY,22b2LK_iqlc,uoAoXeHGwiM",33.988396883010864
51.70202970504761,4,2,12:14:29,12:15:21,"pVusrFNq35Y,8wr-AYMnU-0,22b2LK_iqlc,cD59KF6N6js",29.331878900527954
44.97450304031372,4,0,12:23:40,12:24:25,"pVusrFNq35Y,8wr-AYMnU-0,22b2LK_iqlc,cD59KF6N6js",27.082154035568237
