Time elapsed,No. of active streams,No. of to-be-liked streams,Time Started,Time Ended,Streams liked,Check streamers time
25.694869995117188,1,0,08:44:46,08:45:12,uNp7UDFqj-8,3.4566380977630615
27.27229332923889,1,0,08:47:35,08:48:03,uNp7UDFqj-8,5.7971577644348145
29.195093631744385,1,0,08:49:11,08:49:40,uNp7UDFqj-8,7.967737197875977
