Time elapsed,No. of active streams,No. of to-be-liked streams,Time Started,Time Ended,Streams liked
197.5636692047119,7,7,10:45:54,10:49:12,"ryUa-7_ylUo, _s_248cAjOk, bu7NHn2hXLc, eISUyKpPg-I, 75dUDnCujT4, -TGFqNK8czE, XbJE5VYDvRs"
121.89888310432434,7,1,11:07:50,11:09:52,wDh0RdwpBJY
48.65817975997925,6,0,11:19:02,11:19:50,
55.11040234565735,6,0,11:31:49,11:32:44,
121.26537990570068,6,2,12:03:31,12:05:32,"6B85VN1CBs0, 7HGIIPrpb2w"
64.36186981201172,6,0,12:14:34,12:15:38,
59.582159757614136,5,0,12:24:52,12:25:52,
