Time elapsed,No. of active streams,No. of to-be-liked streams,Time Started,Time Ended,Streams liked
77.3024377822876,3,3,09:35:02,09:36:19,"omP21ISQS9w, Y2g-ucwPcrw, Ds-7Ibf381Y"
97.56244206428528,8,6,12:04:36,12:06:14,"terewmFs8_M, QaRpTiH80j0, fo1k9ulxmnQ, CbfIibwBSUc, cgeFVjbR6rA, USr1T-jZTfE"
89.13405227661133,7,2,12:57:46,12:59:15,"4l62hc8nJ5E, KjJQmg-lfvU"
88.68645811080933,8,2,14:03:52,14:05:21,"HCWi8GGV8s8, x1dBjVFjeJ0"
84.26456761360168,7,0,14:39:28,14:40:53,
87.53656935691833,7,0,14:49:28,14:50:56,
80.84432435035706,7,0,15:04:11,15:05:32,
87.81482362747192,7,0,15:09:10,15:10:38,
81.85093188285828,7,0,15:11:14,15:12:36,
