Time elapsed,No. of active streams,No. of to-be-liked streams,Time Started,Time Ended,Streams liked
114.03506016731262,2,2,08:52:19,08:54:13,"z6k6wDktBvo, IC_zuFwz0q8"
142.43452787399292,4,2,09:21:15,09:23:38,"HmjJwlgfrCY, hkCqEM7thM4"
140.253972530365,4,2,10:38:43,10:41:03,"cdV30fgsP4Q, tyBJCan4m5g"
136.63838386535645,4,1,11:07:06,11:09:23,3nq6w4JVaZY
233.99110746383667,5,2,12:14:41,12:18:35,"r2CEsUU9raE, 1V1064x8juE"
136.69461822509766,5,2,14:35:38,14:37:55,"1PsOZve2fQ4, DVEhLztrsiE"
73.74861598014832,4,0,15:51:17,15:52:31,
121.48943758010864,5,1,16:48:21,16:50:22,NevzNZS_2JM
131.8421928882599,7,2,17:15:53,17:18:05,"bRXQwAGNCso, zp8nRucvXMw"
