Time elapsed,No. of active streams,No. of to-be-liked streams,Time Started,Time Ended,Streams liked,Check streamers time
31.32977795600891,3,2,15:37:24,15:37:56,"230ORAl18rA,2YvKUVJmfDs,F6vlWe-M-9s",4.1198437213897705
31.03828239440918,3,1,16:04:34,16:05:05,"F6vlWe-M-9s,IVUIQaUBkAM,230ORAl18rA",2.4753682613372803
34.15551686286926,3,0,16:20:48,16:21:22,"F6vlWe-M-9s,230ORAl18rA,IVUIQaUBkAM",9.180787324905396
30.99584412574768,3,0,16:47:33,16:48:04,"F6vlWe-M-9s,IVUIQaUBkAM,230ORAl18rA",3.709210157394409
33.694072008132935,5,3,18:27:53,18:28:27,"FiZy0Rk259A,E3I-C2sVXQA,IVUIQaUBkAM,F6vlWe-M-9s,-p8DUBvsMwc",2.3593342304229736
31.19971251487732,4,3,19:20:38,19:21:10,"Y1EFzIf1e4c,Ov6ZHF3cab8,QiPesoCNews,FiZy0Rk259A",2.751149892807007
68.69380021095276,14,12,21:44:51,21:46:00,"6hd0I7CT1B4,ZDlt5JBjg1E,o23R-iK19w8,Y1EFzIf1e4c,6D9nbmkcIi0,14YQQoswvu0,57Q71STU5hY,CIRfn8sf3hQ,Ov6ZHF3cab8,qDevLrteu3g,7Gie3avpFgs,D9TfqrnrT7c,rL86NI9zm1o,dIweAu1V-e4",3.7681572437286377
72.73850512504578,14,6,22:21:19,22:22:32,"K4iwYT57hrk,7Gie3avpFgs,iltZYYl5hQU,rL86NI9zm1o,I683hWcqMaw,JB6Aw9VxW2s,57Q71STU5hY,CIRfn8sf3hQ,lnP5jh0NsQM,Y1EFzIf1e4c,14YQQoswvu0,6D9nbmkcIi0,gSn4bHxav7M,6hd0I7CT1B4",6.929878234863281
48.32611036300659,16,6,23:18:39,23:19:28,"I683hWcqMaw,YOQwcoBAmuE,57Q71STU5hY,7Gie3avpFgs,K4iwYT57hrk,VWnqIl0swLU,6D9nbmkcIi0,14YQQoswvu0,CIRfn8sf3hQ,6hd0I7CT1B4,lnP5jh0NsQM,SRyhw8woKyg,YRFpn9fBZZw,YyrIQhbMtec,iltZYYl5hQU,gSn4bHxav7M",0.816169261932373
