Time elapsed,No. of active streams,No. of to-be-liked streams,Time Started,Time Ended,Streams liked
104.05396151542664,2,2,12:09:12,12:10:56,"z_8HJ9ilYM0, oSSeSivktnM"
48.9290611743927,2,0,13:29:41,13:30:29,
53.00490045547485,1,0,14:36:27,14:37:20,
174.47034120559692,0,0,16:23:09,16:26:03,
247.67994022369385,1,1,17:54:38,17:58:45,yVI1OSM7F98
49.25330185890198,1,0,18:05:02,18:05:52,
