Time elapsed,No. of active streams,No. of to-be-liked streams,Time Started,Time Ended,Streams liked,Check streamers time
53.37364196777344,1,1,09:47:56,09:48:50,g0yPOTO5Q_Y,32.440420389175415
31.12991690635681,0,,10:19:19,10:19:51,,31.10512137413025
29.897772073745728,0,,11:06:54,11:07:24,,29.893770933151245
51.64557719230652,1,1,11:37:19,11:38:10,vyxlUvReKWM,30.032062530517578
63.80578804016113,2,1,12:59:50,13:00:54,"5z2v-08c_WA,vyxlUvReKWM",29.351250171661377
61.68608283996582,5,3,13:20:18,13:21:19,"hz-xQjIuDtk,5z2v-08c_WA,iz6FMgWFeKI,vyxlUvReKWM,QPv5royuumw",32.36260461807251
62.888994455337524,5,1,13:46:44,13:47:47,"hz-xQjIuDtk,Z3hfU7IB9QY,5z2v-08c_WA,iz6FMgWFeKI,QPv5royuumw",30.039236307144165
72.22600865364075,5,0,14:21:45,14:22:57,"hz-xQjIuDtk,Z3hfU7IB9QY,5z2v-08c_WA,iz6FMgWFeKI,QPv5royuumw",29.884137392044067
70.1726975440979,5,2,15:34:34,15:35:44,"hz-xQjIuDtk,Z3hfU7IB9QY,5z2v-08c_WA,tGEKooxKAuc,_vVkdoqRO9Q",32.41458225250244
